<?xml version="1.0" encoding="UTF-8"?>
<rss version="2.0" xmlns:ror="http://rorweb.com/0.1/" >
<channel>
  <title>ROR Sitemap for https://www.mdshariful.info/</title>
  <link>https://www.mdshariful.info/</link>

<item>
     <link>https://www.mdshariful.info/</link>
     <title>Shariful Islam</title>
     <description>Shariful Islam</description>
     <ror:updatePeriod></ror:updatePeriod>
     <ror:sortOrder>0</ror:sortOrder>
     <ror:resourceOf>sitemap</ror:resourceOf>
</item>
</channel>
</rss>
  